[{"model": "admin.logentry", "pk": 1, "fields": {"action_time": "2022-10-05T13:42:40.701Z", "user": 2, "content_type": 9, "object_id": "1", "object_repr": "Category object (1)", "action_flag": 1, "change_message": "[{\"added\": {}}]"}}, {"model": "admin.logentry", "pk": 2, "fields": {"action_time": "2022-10-05T13:43:23.152Z", "user": 2, "content_type": 9, "object_id": "2", "object_repr": "Category object (2)", "action_flag": 1, "change_message": "[{\"added\": {}}]"}}, {"model": "admin.logentry", "pk": 3, "fields": {"action_time": "2022-10-05T13:43:36.108Z", "user": 2, "content_type": 9, "object_id": "3", "object_repr": "Category object (3)", "action_flag": 1, "change_message": "[{\"added\": {}}]"}}, {"model": "admin.logentry", "pk": 4, "fields": {"action_time": "2022-10-05T13:43:46.901Z", "user": 2, "content_type": 9, "object_id": "4", "object_repr": "Category object (4)", "action_flag": 1, "change_message": "[{\"added\": {}}]"}}, {"model": "admin.logentry", "pk": 5, "fields": {"action_time": "2022-10-05T13:44:06.961Z", "user": 2, "content_type": 9, "object_id": "5", "object_repr": "Category object (5)", "action_flag": 1, "change_message": "[{\"added\": {}}]"}}, {"model": "admin.logentry", "pk": 6, "fields": {"action_time": "2022-10-05T13:54:09.351Z", "user": 2, "content_type": 7, "object_id": "3", "object_repr": "john", "action_flag": 1, "change_message": "[{\"added\": {}}]"}}, {"model": "admin.logentry", "pk": 7, "fields": {"action_time": "2022-10-05T13:55:21.886Z", "user": 2, "content_type": 7, "object_id": "4", "object_repr": "mary", "action_flag": 1, "change_message": "[{\"added\": {}}]"}}, {"model": "admin.logentry", "pk": 8, "fields": {"action_time": "2022-10-05T13:56:17.073Z", "user": 2, "content_type": 7, "object_id": "5", "object_repr": "alan", "action_flag": 1, "change_message": "[{\"added\": {}}]"}}, {"model": "admin.logentry", "pk": 9, "fields": {"action_time": "2022-10-05T13:57:23.825Z", "user": 2, "content_type": 7, "object_id": "6", "object_repr": "josh", "action_flag": 1, "change_message": "[{\"added\": {}}]"}}, {"model": "admin.logentry", "pk": 10, "fields": {"action_time": "2022-10-05T13:58:05.380Z", "user": 2, "content_type": 7, "object_id": "7", "object_repr": "bill", "action_flag": 1, "change_message": "[{\"added\": {}}]"}}, {"model": "admin.logentry", "pk": 11, "fields": {"action_time": "2022-10-05T14:37:13.745Z", "user": 2, "content_type": 8, "object_id": "1", "object_repr": "Clock", "action_flag": 1, "change_message": "[{\"added\": {}}]"}}, {"model": "admin.logentry", "pk": 12, "fields": {"action_time": "2022-10-05T14:37:30.298Z", "user": 2, "content_type": 8, "object_id": "1", "object_repr": "Clock", "action_flag": 2, "change_message": "[]"}}, {"model": "admin.logentry", "pk": 13, "fields": {"action_time": "2022-10-05T14:37:45.474Z", "user": 2, "content_type": 8, "object_id": "2", "object_repr": "Vase", "action_flag": 1, "change_message": "[{\"added\": {}}]"}}, {"model": "admin.logentry", "pk": 14, "fields": {"action_time": "2022-10-05T14:38:06.924Z", "user": 2, "content_type": 8, "object_id": "3", "object_repr": "Painting", "action_flag": 1, "change_message": "[{\"added\": {}}]"}}, {"model": "admin.logentry", "pk": 15, "fields": {"action_time": "2022-10-05T14:38:24.484Z", "user": 2, "content_type": 8, "object_id": "4", "object_repr": "Lamp", "action_flag": 1, "change_message": "[{\"added\": {}}]"}}, {"model": "admin.logentry", "pk": 16, "fields": {"action_time": "2022-10-05T14:38:40.398Z", "user": 2, "content_type": 8, "object_id": "5", "object_repr": "Tablet", "action_flag": 1, "change_message": "[{\"added\": {}}]"}}, {"model": "admin.logentry", "pk": 17, "fields": {"action_time": "2022-10-05T14:39:05.287Z", "user": 2, "content_type": 8, "object_id": "6", "object_repr": "Laptop", "action_flag": 1, "change_message": "[{\"added\": {}}]"}}, {"model": "admin.logentry", "pk": 18, "fields": {"action_time": "2022-10-05T14:39:19.857Z", "user": 2, "content_type": 8, "object_id": "7", "object_repr": "TV", "action_flag": 1, "change_message": "[{\"added\": {}}]"}}, {"model": "admin.logentry", "pk": 19, "fields": {"action_time": "2022-10-05T14:39:46.074Z", "user": 2, "content_type": 8, "object_id": "8", "object_repr": "Table", "action_flag": 1, "change_message": "[{\"added\": {}}]"}}, {"model": "admin.logentry", "pk": 20, "fields": {"action_time": "2022-10-05T14:40:10.169Z", "user": 2, "content_type": 8, "object_id": "9", "object_repr": "Dresser", "action_flag": 1, "change_message": "[{\"added\": {}}]"}}, {"model": "admin.logentry", "pk": 21, "fields": {"action_time": "2022-10-05T14:40:35.084Z", "user": 2, "content_type": 8, "object_id": "10", "object_repr": "Bed", "action_flag": 1, "change_message": "[{\"added\": {}}]"}}, {"model": "admin.logentry", "pk": 22, "fields": {"action_time": "2022-10-05T14:44:16.491Z", "user": 2, "content_type": 8, "object_id": "11", "object_repr": "Sofa", "action_flag": 1, "change_message": "[{\"added\": {}}]"}}, {"model": "admin.logentry", "pk": 23, "fields": {"action_time": "2022-10-05T14:44:35.868Z", "user": 2, "content_type": 8, "object_id": "12", "object_repr": "Dryer", "action_flag": 1, "change_message": "[{\"added\": {}}]"}}, {"model": "admin.logentry", "pk": 24, "fields": {"action_time": "2022-10-05T14:45:03.970Z", "user": 2, "content_type": 8, "object_id": "13", "object_repr": "Washer", "action_flag": 1, "change_message": "[{\"added\": {}}]"}}, {"model": "admin.logentry", "pk": 25, "fields": {"action_time": "2022-10-05T14:45:19.689Z", "user": 2, "content_type": 8, "object_id": "14", "object_repr": "Stove", "action_flag": 1, "change_message": "[{\"added\": {}}]"}}, {"model": "admin.logentry", "pk": 26, "fields": {"action_time": "2022-11-23T02:24:58.367Z", "user": 2, "content_type": 4, "object_id": "5", "object_repr": "alan", "action_flag": 2, "change_message": "[{\"changed\": {\"fields\": [\"password\"]}}]"}}, {"model": "admin.logentry", "pk": 27, "fields": {"action_time": "2022-11-26T20:59:02.036Z", "user": 8, "content_type": 4, "object_id": "9", "object_repr": "123", "action_flag": 1, "change_message": "[{\"added\": {}}]"}}, {"model": "admin.logentry", "pk": 28, "fields": {"action_time": "2022-11-27T05:06:48.203Z", "user": 8, "content_type": 7, "object_id": "10", "object_repr": "abdullah", "action_flag": 1, "change_message": "[{\"added\": {}}]"}}, {"model": "admin.logentry", "pk": 29, "fields": {"action_time": "2022-11-27T05:07:12.416Z", "user": 8, "content_type": 7, "object_id": "10", "object_repr": "abdullah", "action_flag": 3, "change_message": ""}}, {"model": "admin.logentry", "pk": 30, "fields": {"action_time": "2022-11-27T06:52:47.112Z", "user": 8, "content_type": 4, "object_id": "12", "object_repr": "abdullah", "action_flag": 2, "change_message": "[{\"changed\": {\"fields\": [\"First name\", \"Last name\"]}}]"}}, {"model": "admin.logentry", "pk": 31, "fields": {"action_time": "2022-11-27T07:03:05.239Z", "user": 8, "content_type": 4, "object_id": "12", "object_repr": "abdullah", "action_flag": 3, "change_message": ""}}, {"model": "admin.logentry", "pk": 32, "fields": {"action_time": "2022-11-27T07:04:49.871Z", "user": 8, "content_type": 4, "object_id": "13", "object_repr": "abdull32@uwindsor.ca", "action_flag": 2, "change_message": "[{\"changed\": {\"fields\": [\"Username\", \"First name\", \"Last name\"]}}]"}}, {"model": "admin.logentry", "pk": 33, "fields": {"action_time": "2022-11-27T07:05:02.277Z", "user": 8, "content_type": 7, "object_id": "13", "object_repr": "abdull32@uwindsor.ca", "action_flag": 2, "change_message": "[{\"changed\": {\"fields\": [\"Interested in\"]}}]"}}, {"model": "admin.logentry", "pk": 34, "fields": {"action_time": "2022-11-27T08:57:35.544Z", "user": 8, "content_type": 4, "object_id": "14", "object_repr": "abdullah", "action_flag": 2, "change_message": "[{\"changed\": {\"fields\": [\"First name\", \"Last name\"]}}]"}}, {"model": "admin.logentry", "pk": 35, "fields": {"action_time": "2022-11-27T08:57:48.699Z", "user": 8, "content_type": 4, "object_id": "9", "object_repr": "123", "action_flag": 3, "change_message": ""}}, {"model": "admin.logentry", "pk": 36, "fields": {"action_time": "2022-11-27T08:57:48.706Z", "user": 8, "content_type": 4, "object_id": "11", "object_repr": "aaaaa", "action_flag": 3, "change_message": ""}}, {"model": "admin.logentry", "pk": 37, "fields": {"action_time": "2022-11-27T08:57:48.711Z", "user": 8, "content_type": 4, "object_id": "13", "object_repr": "abdull32@uwindsor.ca", "action_flag": 3, "change_message": ""}}, {"model": "admin.logentry", "pk": 38, "fields": {"action_time": "2022-11-27T23:25:16.124Z", "user": 8, "content_type": 7, "object_id": "14", "object_repr": "abdullah", "action_flag": 2, "change_message": "[{\"changed\": {\"fields\": [\"Interested in\", \"Photo\"]}}]"}}, {"model": "admin.logentry", "pk": 39, "fields": {"action_time": "2022-11-27T23:33:51.490Z", "user": 8, "content_type": 7, "object_id": "14", "object_repr": "abdullah", "action_flag": 2, "change_message": "[{\"changed\": {\"fields\": [\"Photo\"]}}]"}}, {"model": "admin.logentry", "pk": 40, "fields": {"action_time": "2022-11-27T23:34:00.947Z", "user": 8, "content_type": 7, "object_id": "14", "object_repr": "abdullah", "action_flag": 2, "change_message": "[{\"changed\": {\"fields\": [\"Photo\"]}}]"}}, {"model": "admin.logentry", "pk": 41, "fields": {"action_time": "2022-11-27T23:34:20.565Z", "user": 8, "content_type": 7, "object_id": "14", "object_repr": "abdullah", "action_flag": 2, "change_message": "[{\"changed\": {\"fields\": [\"Photo\"]}}]"}}, {"model": "admin.logentry", "pk": 42, "fields": {"action_time": "2022-11-28T03:01:28.684Z", "user": 8, "content_type": 4, "object_id": "15", "object_repr": "muzztafa2", "action_flag": 2, "change_message": "[{\"changed\": {\"fields\": [\"First name\", \"Last name\"]}}]"}}, {"model": "admin.logentry", "pk": 43, "fields": {"action_time": "2022-11-28T03:40:15.824Z", "user": 8, "content_type": 4, "object_id": "16", "object_repr": "", "action_flag": 3, "change_message": ""}}, {"model": "auth.permission", "pk": 1, "fields": {"name": "Can add log entry", "content_type": 1, "codename": "add_logentry"}}, {"model": "auth.permission", "pk": 2, "fields": {"name": "Can change log entry", "content_type": 1, "codename": "change_logentry"}}, {"model": "auth.permission", "pk": 3, "fields": {"name": "Can delete log entry", "content_type": 1, "codename": "delete_logentry"}}, {"model": "auth.permission", "pk": 4, "fields": {"name": "Can view log entry", "content_type": 1, "codename": "view_logentry"}}, {"model": "auth.permission", "pk": 5, "fields": {"name": "Can add permission", "content_type": 2, "codename": "add_permission"}}, {"model": "auth.permission", "pk": 6, "fields": {"name": "Can change permission", "content_type": 2, "codename": "change_permission"}}, {"model": "auth.permission", "pk": 7, "fields": {"name": "Can delete permission", "content_type": 2, "codename": "delete_permission"}}, {"model": "auth.permission", "pk": 8, "fields": {"name": "Can view permission", "content_type": 2, "codename": "view_permission"}}, {"model": "auth.permission", "pk": 9, "fields": {"name": "Can add group", "content_type": 3, "codename": "add_group"}}, {"model": "auth.permission", "pk": 10, "fields": {"name": "Can change group", "content_type": 3, "codename": "change_group"}}, {"model": "auth.permission", "pk": 11, "fields": {"name": "Can delete group", "content_type": 3, "codename": "delete_group"}}, {"model": "auth.permission", "pk": 12, "fields": {"name": "Can view group", "content_type": 3, "codename": "view_group"}}, {"model": "auth.permission", "pk": 13, "fields": {"name": "Can add user", "content_type": 4, "codename": "add_user"}}, {"model": "auth.permission", "pk": 14, "fields": {"name": "Can change user", "content_type": 4, "codename": "change_user"}}, {"model": "auth.permission", "pk": 15, "fields": {"name": "Can delete user", "content_type": 4, "codename": "delete_user"}}, {"model": "auth.permission", "pk": 16, "fields": {"name": "Can view user", "content_type": 4, "codename": "view_user"}}, {"model": "auth.permission", "pk": 17, "fields": {"name": "Can add content type", "content_type": 5, "codename": "add_contenttype"}}, {"model": "auth.permission", "pk": 18, "fields": {"name": "Can change content type", "content_type": 5, "codename": "change_contenttype"}}, {"model": "auth.permission", "pk": 19, "fields": {"name": "Can delete content type", "content_type": 5, "codename": "delete_contenttype"}}, {"model": "auth.permission", "pk": 20, "fields": {"name": "Can view content type", "content_type": 5, "codename": "view_contenttype"}}, {"model": "auth.permission", "pk": 21, "fields": {"name": "Can add session", "content_type": 6, "codename": "add_session"}}, {"model": "auth.permission", "pk": 22, "fields": {"name": "Can change session", "content_type": 6, "codename": "change_session"}}, {"model": "auth.permission", "pk": 23, "fields": {"name": "Can delete session", "content_type": 6, "codename": "delete_session"}}, {"model": "auth.permission", "pk": 24, "fields": {"name": "Can view session", "content_type": 6, "codename": "view_session"}}, {"model": "auth.permission", "pk": 25, "fields": {"name": "Can add user", "content_type": 7, "codename": "add_client"}}, {"model": "auth.permission", "pk": 26, "fields": {"name": "Can change user", "content_type": 7, "codename": "change_client"}}, {"model": "auth.permission", "pk": 27, "fields": {"name": "Can delete user", "content_type": 7, "codename": "delete_client"}}, {"model": "auth.permission", "pk": 28, "fields": {"name": "Can view user", "content_type": 7, "codename": "view_client"}}, {"model": "auth.permission", "pk": 29, "fields": {"name": "Can add product", "content_type": 8, "codename": "add_product"}}, {"model": "auth.permission", "pk": 30, "fields": {"name": "Can change product", "content_type": 8, "codename": "change_product"}}, {"model": "auth.permission", "pk": 31, "fields": {"name": "Can delete product", "content_type": 8, "codename": "delete_product"}}, {"model": "auth.permission", "pk": 32, "fields": {"name": "Can view product", "content_type": 8, "codename": "view_product"}}, {"model": "auth.permission", "pk": 33, "fields": {"name": "Can add category", "content_type": 9, "codename": "add_category"}}, {"model": "auth.permission", "pk": 34, "fields": {"name": "Can change category", "content_type": 9, "codename": "change_category"}}, {"model": "auth.permission", "pk": 35, "fields": {"name": "Can delete category", "content_type": 9, "codename": "delete_category"}}, {"model": "auth.permission", "pk": 36, "fields": {"name": "Can view category", "content_type": 9, "codename": "view_category"}}, {"model": "auth.permission", "pk": 37, "fields": {"name": "Can add order", "content_type": 10, "codename": "add_order"}}, {"model": "auth.permission", "pk": 38, "fields": {"name": "Can change order", "content_type": 10, "codename": "change_order"}}, {"model": "auth.permission", "pk": 39, "fields": {"name": "Can delete order", "content_type": 10, "codename": "delete_order"}}, {"model": "auth.permission", "pk": 40, "fields": {"name": "Can view order", "content_type": 10, "codename": "view_order"}}, {"model": "auth.user", "pk": 1, "fields": {"password": "pbkdf2_sha256$390000$QmP4Psivkj5QPm6oTWrl2R$RKdYKcJClTEDtWu85wTg38f/Dx7GnQYih5oQwjYCqRg=", "last_login": null, "is_superuser": true, "username": "mustafa", "first_name": "", "last_name": "", "email": "mustaf51@uwindsor.ca", "is_staff": true, "is_active": true, "date_joined": "2022-10-05T04:20:16.706Z", "groups": [], "user_permissions": []}}, {"model": "auth.user", "pk": 2, "fields": {"password": "pbkdf2_sha256$390000$caGh4jovEnUgZiqHtmRFDS$zG5k9Lp9btbO7WkcnJN00fpwWEfwk6T61iZGDpM6PJw=", "last_login": "2022-11-23T04:12:46.204Z", "is_superuser": true, "username": "muzztafa", "first_name": "", "last_name": "", "email": "mustaf51@uwindsor.ca", "is_staff": true, "is_active": true, "date_joined": "2022-10-05T13:38:06.070Z", "groups": [], "user_permissions": []}}, {"model": "auth.user", "pk": 3, "fields": {"password": "john", "last_login": null, "is_superuser": false, "username": "john", "first_name": "John", "last_name": "Smith", "email": "", "is_staff": false, "is_active": true, "date_joined": "2022-10-05T13:50:45Z", "groups": [], "user_permissions": []}}, {"model": "auth.user", "pk": 4, "fields": {"password": "mary", "last_login": null, "is_superuser": false, "username": "mary", "first_name": "Mary", "last_name": "Hall", "email": "", "is_staff": false, "is_active": true, "date_joined": "2022-10-05T13:54:12Z", "groups": [], "user_permissions": []}}, {"model": "auth.user", "pk": 5, "fields": {"password": "pbkdf2_sha256$390000$8wI2ucOpVPEs8g5yzepuHN$MfSaAJtDkTt8x5yCZ9McXlYuSgwaAhl2vBdx25fgoiM=", "last_login": "2022-11-23T02:49:43.108Z", "is_superuser": false, "username": "alan", "first_name": "Alan", "last_name": "Jones", "email": "", "is_staff": false, "is_active": true, "date_joined": "2022-10-05T13:55:22Z", "groups": [], "user_permissions": []}}, {"model": "auth.user", "pk": 6, "fields": {"password": "josh", "last_login": null, "is_superuser": false, "username": "josh", "first_name": "Josh", "last_name": "Jones", "email": "", "is_staff": false, "is_active": true, "date_joined": "2022-10-05T13:56:17Z", "groups": [], "user_permissions": []}}, {"model": "auth.user", "pk": 7, "fields": {"password": "bill", "last_login": null, "is_superuser": false, "username": "bill", "first_name": "Bill", "last_name": "Wang", "email": "", "is_staff": false, "is_active": true, "date_joined": "2022-10-05T13:57:24Z", "groups": [], "user_permissions": []}}, {"model": "auth.user", "pk": 8, "fields": {"password": "pbkdf2_sha256$390000$wH1bJlL2U7uyidLHyw6DMY$7iw0qCqGZqB2TsrjYQJ4D4l0nQElYUUzDhRFDwxTkX0=", "last_login": "2022-11-28T03:39:01.911Z", "is_superuser": true, "username": "root", "first_name": "", "last_name": "", "email": "", "is_staff": true, "is_active": true, "date_joined": "2022-11-26T18:15:04.078Z", "groups": [], "user_permissions": []}}, {"model": "auth.user", "pk": 14, "fields": {"password": "pbkdf2_sha256$390000$kF9leJ4gMdgTiQ9BeUC7TJ$Z6LQHGjLlnyAztf3w1jgr1G9f1p9tNJAnBI6wBGy46I=", "last_login": "2022-11-28T00:24:05.437Z", "is_superuser": false, "username": "abdullah", "first_name": "Ahmed", "last_name": "Abdullah", "email": "ahmedabdullah9932@gmail.com", "is_staff": false, "is_active": true, "date_joined": "2022-11-27T07:05:52Z", "groups": [], "user_permissions": []}}, {"model": "auth.user", "pk": 15, "fields": {"password": "pbkdf2_sha256$390000$WDhSqc6kIvntzHf2D7IT0z$r1nqteSkUYc5gkK3RIt+izv5MjQDbA7KL9gPfiBqmso=", "last_login": "2022-11-28T03:59:25.275Z", "is_superuser": false, "username": "muzztafa2", "first_name": "ahmed", "last_name": "mustafa", "email": "ahmedmustafa5832@gmail.com", "is_staff": false, "is_active": true, "date_joined": "2022-11-28T03:00:18Z", "groups": [], "user_permissions": []}}, {"model": "contenttypes.contenttype", "pk": 1, "fields": {"app_label": "admin", "model": "logentry"}}, {"model": "contenttypes.contenttype", "pk": 2, "fields": {"app_label": "auth", "model": "permission"}}, {"model": "contenttypes.contenttype", "pk": 3, "fields": {"app_label": "auth", "model": "group"}}, {"model": "contenttypes.contenttype", "pk": 4, "fields": {"app_label": "auth", "model": "user"}}, {"model": "contenttypes.contenttype", "pk": 5, "fields": {"app_label": "contenttypes", "model": "contenttype"}}, {"model": "contenttypes.contenttype", "pk": 6, "fields": {"app_label": "sessions", "model": "session"}}, {"model": "contenttypes.contenttype", "pk": 7, "fields": {"app_label": "myapp", "model": "client"}}, {"model": "contenttypes.contenttype", "pk": 8, "fields": {"app_label": "myapp", "model": "product"}}, {"model": "contenttypes.contenttype", "pk": 9, "fields": {"app_label": "myapp", "model": "category"}}, {"model": "contenttypes.contenttype", "pk": 10, "fields": {"app_label": "myapp", "model": "order"}}, {"model": "sessions.session", "pk": "48256ddbfea259iz2179qprdy6ct693w", "fields": {"session_data": ".eJxVjDsOAiEUAO9CbQg_-Vjaewby4D1k1UCy7FbGuxuSLbSdmcybRdi3GvdBa1yQXZhnp1-WID-pTYEPaPfOc2_buiQ-E37YwW8d6XU92r9BhVHnNoMGI0TJCUlne9aSMBUlg9HBCpRKWk1KmhIk-eyFKkWhcQTeQQDHPl_w4Tf_:1oz0Bo:HplGmL7NHQURSGhmdXvpw8xhLqQpovsre84CqZ6yteQ", "expire_date": "2022-11-26T18:46:22.314Z"}}, {"model": "sessions.session", "pk": "8jih0rggytjbrmzwboo8jsal1adt3vjg", "fields": {"session_data": ".eJxVjrsKwzAUQ3-leG6M41evM3bvN5jrV5I22BAnU-m_N4YMLWiSjoTexOK-TXavcbVzIAPh5PrrOfSvmFsQnpjHQn3J2zo72hB6ppU-SojL_WT_Bias09EWCTA4xW_eaJ0SQogy3ZRgEoQy0viYIAgUABGd1ioBU0yqEFXkyXk4Rhesm13KOOd2k3He9X3HxYXJoYlRwxnre_L5AiDlQnM:1oxgzQ:j8-BUpJwLxEu99h0uYUAmcirHLSWJ4r3tsKHLuFm-ek", "expire_date": "2022-11-23T04:04:10.921Z"}}, {"model": "sessions.session", "pk": "bavfvv0ujpg34x56vqzye8rilu7nkv7t", "fields": {"session_data": ".eJxVjssOgjAURH_FdC1N6fOWpXu_obl9CUrahMLK-O9CwkK3c2ZO5k0cbuvotpYWN0UyEE6uv5nH8ErlAPGJ5VFpqGVdJk-PCj1po_ca03w7u3-CEdu4r0UGjF5xE6zWOSPEJLNRgkkQykobUoYoUAAk9FqrDEwxqWJSiWcfYJfO2FY318dUjpuM867vOy4uTA7MDr2kxnDoBfl8ASGmQow:1oxh4U:UezKeHkTJYZ15ABQKJeFmE2u3N87yoVdaxK0qPV7PgQ", "expire_date": "2022-11-23T04:09:24.773Z"}}, {"model": "sessions.session", "pk": "ci6ewv7of4mgk1qwned7xdbdifkif5ni", "fields": {"session_data": ".eJxVjDsOAiEUAO9CbQg_-Vjaewby4D1k1UCy7FbGuxuSLbSdmcybRdi3GvdBa1yQXZhnp1-WID-pTYEPaPfOc2_buiQ-E37YwW8d6XU92r9BhVHnNoMGI0TJCUlne9aSMBUlg9HBCpRKWk1KmhIk-eyFKkWhcQTeQQDHPl_w4Tf_:1oz0DB:kwbuNUPaDrx6LpyU9X9nkNw0_qcs1Fx9mnG3oRkaYZg", "expire_date": "2022-11-26T19:47:37.316Z"}}, {"model": "sessions.session", "pk": "hvingul3nlmy2sh8rg1t8js3xd0opude", "fields": {"session_data": ".eJxVjDsOAiEUAO9CbQg_-Vjaewby4D1k1UCy7FbGuxuSLbSdmcybRdi3GvdBa1yQXZhnp1-WID-pTYEPaPfOc2_buiQ-E37YwW8d6XU92r9BhVHnNoMGI0TJCUlne9aSMBUlg9HBCpRKWk1KmhIk-eyFKkWhcQTeQQDHPl_w4Tf_:1oz0CU:MdbPsJV0_OmZjZQ6x7Qc3gQxPKUHDoj3yAfC2Z6gt1U", "expire_date": "2022-11-26T18:47:04.659Z"}}, {"model": "sessions.session", "pk": "iuplo518g1yfhf23nzid1nl37i5fq6so", "fields": {"session_data": ".eJxVjDsOAiEUAO9CbQg_-Vjaewby4D1k1UCy7FbGuxuSLbSdmcybRdi3GvdBa1yQXZhnp1-WID-pTYEPaPfOc2_buiQ-E37YwW8d6XU92r9BhVHnNoMGI0TJCUlne9aSMBUlg9HBCpRKWk1KmhIk-eyFKkWhcQTeQQDHPl_w4Tf_:1oyzi1:_EmyjpklLRiXKyd1fgdqW7qRSYOn5hxSyKzLwieoH8M", "expire_date": "2022-11-26T18:15:35.773Z"}}, {"model": "sessions.session", "pk": "izsnnon68k2hfioz9v7bnb2x79qcql7t", "fields": {"session_data": ".eJxVjjsOgzAQRK8SuQ7Wsv5gKNPnDNb6F0iQLWGootw9IFEk7byZp3kzS9s62q3GxU6BDQzZ9Tdz5F8xHyA8KT8K9yWvy-T4UeEnrfxeQpxvZ_dPMFId97VIhoJT2Ple65TIhChTpwRII1Qvex-TCYKEMZGc1ioZUCBViCpict7s0pnqaufymPJxExCbtm1QXEAOAINA3mGLGtjnCyD3Qnk:1oxgw4:0mFGlq_iaPt-rXIVPSKE4oBwElLLBkdRed5VVc4LS7I", "expire_date": "2022-11-23T04:00:42.728Z"}}, {"model": "sessions.session", "pk": "ji9z49mplhkv77vgie9mekzujqz4kt0k", "fields": {"session_data": "e30:1ozAzZ:X7PmT6ha28Fb2rhTjPgzxV7CRSiEjKvYytfml6jHiSQ", "expire_date": "2022-11-27T07:18:17.059Z"}}, {"model": "sessions.session", "pk": "k4zheipzjiwkfovaitqfqq2v9n6v594k", "fields": {"session_data": ".eJxVjjsOgzAQRK8SuQ6W8XqdhTJ9zmCtf0CCsMSninL3gESRtPNmnuYtHG9r77YlzW6IohVaXH8zz-GVpgPEJ09dkaFM6zx4eVTkSRf5KDGN97P7J-h56fc1ZOLoUd9CY23OTDGZfENQhgAb04SUKQIDUWJvLWZSqAzGhElnH2iXjrysbizdMB03ldZVXVcaLgpabFowEnRdI4nPFyGlQoo:1oxgv8:UBjbn1pH8sancrtgswPaNBFMkKh6bGR9-MduetqPKik", "expire_date": "2022-11-23T03:59:44.322Z"}}, {"model": "sessions.session", "pk": "kjo1vb1z39wrs3uqoaebhgzpt0pxxfou", "fields": {"session_data": ".eJxVjjsOgzAQRK8SuQ7Wsv5gKNPnDNb6F0iQLWGootw9IFEk7byZp3kzS9s62q3GxU6BDQzZ9Tdz5F8xHyA8KT8K9yWvy-T4UeEnrfxeQpxvZ_dPMFId97VIhoJT2Ple65TIhChTpwRII1Qvex-TCYKEMZGc1ioZUCBViCpict7s0pnqaufymPJxExCbtm1QXEAOIAYEjp1qAdjnCyD1QnY:1oxgym:vnNvwkr4u9gbdDKWY7f8pgvcTccPZmtxi9x1wh6ohRE", "expire_date": "2022-11-23T04:03:30.288Z"}}, {"model": "sessions.session", "pk": "ocm0e5frwq2zw9bgsw91ujtvsdh8r3pj", "fields": {"session_data": ".eJxVjDsOAiEUAO9CbQg_-Vjaewby4D1k1UCy7FbGuxuSLbSdmcybRdi3GvdBa1yQXZhnp1-WID-pTYEPaPfOc2_buiQ-E37YwW8d6XU92r9BhVHnNoMGI0TJCUlne9aSMBUlg9HBCpRKWk1KmhIk-eyFKkWhcQTeQQDHPl_w4Tf_:1ozQbL:xY6iFhKL9fGLYF9FIRS7wA0N2ajlw4kFVFY7Dam2LAM", "expire_date": "2022-11-27T23:58:19.985Z"}}, {"model": "sessions.session", "pk": "phdqg7v3elp8cctmr61hcvd5end8a3ft", "fields": {"session_data": ".eJxVjssOgjAURH_FdC1N6fOWpXu_obl9CUrahMLK-O9CwkK3c2ZO5k0cbuvotpYWN0UyEE6uv5nH8ErlAPGJ5VFpqGVdJk-PCj1po_ca03w7u3-CEdu4r0UGjF5xE6zWOSPEJLNRgkkQykobUoYoUAAk9FqrDEwxqWJSiWcfYJfO2FY318dUjpuM867vOy4uTAzKDqynzBimBfl8ASGFQoc:1oxgub:55JdOa_ADOVpK6PkdO5qSkUO15v7V3W9ASmaKZud6EE", "expire_date": "2022-11-23T03:59:11.084Z"}}, {"model": "sessions.session", "pk": "pho9shsplaxvcq0p06btt7bh70y7wkvc", "fields": {"session_data": ".eJxVjDEOwjAMRe-SGUVVE6cuIztniJzYpgWUSE07Ie4OlTrA-t97_2UibesUtyZLnNmcTW9Ov1ui_JCyA75TuVWba1mXOdldsQdt9lpZnpfD_TuYqE3f2ikSJ-iHPIagSsjidQDXeXQw-jGLIjtyiEIpBFDsoPPAAtJrymjeH_SyOFs:1ol9PC:y3jgw3kEhw2eHB38IGogotJMeVjaYvs6-VHoNNY_8Ag", "expire_date": "2022-11-02T13:46:46.522Z"}}, {"model": "sessions.session", "pk": "pycc182g8tun5o3vqk3qhlire3qhbb0s", "fields": {"session_data": ".eJxVjDsOAiEUAO9CbQg_-Vjaewby4D1k1UCy7FbGuxuSLbSdmcybRdi3GvdBa1yQXZhnp1-WID-pTYEPaPfOc2_buiQ-E37YwW8d6XU92r9BhVHnNoMGI0TJCUlne9aSMBUlg9HBCpRKWk1KmhIk-eyFKkWhcQTeQQDHPl_w4Tf_:1oz0Cm:WxFqMcOPgOZBA68rsaKyw7zoO4wlyYDms0eWI3PsS-I", "expire_date": "2022-11-26T18:47:22.631Z"}}, {"model": "sessions.session", "pk": "qfe7ii69ve141easryrr8sfg84llcz30", "fields": {"session_data": ".eJxVjDsOAiEUAO9CbQg_-Vjaewby4D1k1UCy7FbGuxuSLbSdmcybRdi3GvdBa1yQXZhnp1-WID-pTYEPaPfOc2_buiQ-E37YwW8d6XU92r9BhVHnNoMGI0TJCUlne9aSMBUlg9HBCpRKWk1KmhIk-eyFKkWhcQTeQQDHPl_w4Tf_:1oz20n:3KlwI1smgYbD-_JEzd9p7Ps5BfrvwCfXFoo9VwHM-i8", "expire_date": "2022-11-26T21:42:57.892Z"}}, {"model": "sessions.session", "pk": "rn31g5lwysyzmpw1t72pimpdkmedulev", "fields": {"session_data": ".eJxVjDsOAiEUAO9CbQg_-Vjaewby4D1k1UCy7FbGuxuSLbSdmcybRdi3GvdBa1yQXZhnp1-WID-pTYEPaPfOc2_buiQ-E37YwW8d6XU92r9BhVHnNoMGI0TJCUlne9aSMBUlg9HBCpRKWk1KmhIk-eyFKkWhcQTeQQDHPl_w4Tf_:1oz0CC:u8GUaIjCJX2ccJQlv1zDUfM2Ai5n2mwMgdM7ULAGQVE", "expire_date": "2022-11-26T18:46:46.398Z"}}, {"model": "sessions.session", "pk": "unyuyagihjw6yhrd9xbiuq571wi2ipud", "fields": {"session_data": ".eJxVjDsOAiEUAO9CbQg_-Vjaewby4D1k1UCy7FbGuxuSLbSdmcybRdi3GvdBa1yQXZhnp1-WID-pTYEPaPfOc2_buiQ-E37YwW8d6XU92r9BhVHnNoMGI0TJCUlne9aSMBUlg9HBCpRKWk1KmhIk-eyFKkWhcQTeQQDHPl_w4Tf_:1oz0Bb:0a_T3Qdnow3SXMxrnzJUdq-8ReZvOHAvxUdFHRuhNmI", "expire_date": "2022-11-26T18:46:09.378Z"}}, {"model": "sessions.session", "pk": "w9l7doea03qnjhjragdmcbh0y0etpxiy", "fields": {"session_data": ".eJxVzMsOgjAQheFXMV1L05lCLyzd-wxk2k4FJTThsjK-u5Cw0O35T7636Ghb-25beO6GJFrhxPV3CxRfPB0hPWl6FBnLtM5DkMdFnnWR95J4vJ3fP6CnpT_YSJpqpXIMiXU0jQZOISP4WnujEiAYzQh19sAuOoU5Y6otk7Pkye7oSMvajeUxTLuHCrECqNBcwLXQtNpJb8BbEJ8vD3lCQA:1oyziE:p_zFBpUbVs4OnHoFerkCuU3KMV03hjEq05Lq4c-HUOk", "expire_date": "2022-11-26T18:15:48.962Z"}}, {"model": "sessions.session", "pk": "ws9wxparg3n26kwpsdt5pcy1mmkd791e", "fields": {"session_data": ".eJxVjDsOgzAQBa8SuQ6Wf2sIZfqcwVp_FkgQljBUUe4eI1Ek7Zs382YO9210e0mrmyLrmTTs-jt6DK-0HCQ-cRkyD3nZ1snz48JPWvgjxzTfz-9fYMQyVtt6DypqRUCoiUJIPnYIIhhtwFKQrUIRQCfbISYrAYSXhKFq5I2mGp2xbG7Ow7TUnhJKNVI2qr2IWy9ErwU3N5BWss8XkRJDlg:1ozDWY:_VtA45SUzfeObKhVNmzvArtrS8pwgoQu6xUQ4o6gcXw", "expire_date": "2022-11-27T10:00:30.497Z"}}, {"model": "sessions.session", "pk": "wuy4amj7ej4k4pwjdeyntlheo81fe50i", "fields": {"session_data": ".eJxVjDEOwjAMRe-SGUVVE6cuIztniJzYpgWUSE07Ie4OlTrA-t97_2UibesUtyZLnNmcTW9Ov1ui_JCyA75TuVWba1mXOdldsQdt9lpZnpfD_TuYqE3f2ikSJ-iHPIagSsjidQDXeXQw-jGLIjtyiEIpBFDsoPPAAtJrymjeH_SyOFs:1og4bK:3BaW4gkam-YzDczw8gUzjh6tMYtluly7p_S4qKl8rK8", "expire_date": "2022-10-19T13:38:18.541Z"}}, {"model": "myapp.category", "pk": 1, "fields": {"name": "Furniture", "warehouse": "Windsor"}}, {"model": "myapp.category", "pk": 2, "fields": {"name": "Appliances", "warehouse": "Windsor"}}, {"model": "myapp.category", "pk": 3, "fields": {"name": "Electronics", "warehouse": "London"}}, {"model": "myapp.category", "pk": 4, "fields": {"name": "Home Decor", "warehouse": "Waterloo"}}, {"model": "myapp.category", "pk": 5, "fields": {"name": "Flooring", "warehouse": "London"}}, {"model": "myapp.product", "pk": 1, "fields": {"category": 4, "name": "Clock", "price": "99.99", "stock": 30, "available": true, "description": "", "interested": 9}}, {"model": "myapp.product", "pk": 2, "fields": {"category": 4, "name": "Vase", "price": "82.54", "stock": 99, "available": true, "description": "", "interested": 1}}, {"model": "myapp.product", "pk": 3, "fields": {"category": 4, "name": "Painting", "price": "135.80", "stock": 79, "available": true, "description": "", "interested": 2}}, {"model": "myapp.product", "pk": 4, "fields": {"category": 4, "name": "Lamp", "price": "59.99", "stock": 200, "available": true, "description": "", "interested": 0}}, {"model": "myapp.product", "pk": 5, "fields": {"category": 3, "name": "Tablet", "price": "299.99", "stock": 0, "available": false, "description": "", "interested": 0}}, {"model": "myapp.product", "pk": 6, "fields": {"category": 3, "name": "Laptop", "price": "975.50", "stock": 85, "available": true, "description": "", "interested": 0}}, {"model": "myapp.product", "pk": 7, "fields": {"category": 3, "name": "TV", "price": "3500.00", "stock": 10, "available": true, "description": "", "interested": 0}}, {"model": "myapp.product", "pk": 8, "fields": {"category": 1, "name": "Table", "price": "599.99", "stock": 120, "available": true, "description": "", "interested": 0}}, {"model": "myapp.product", "pk": 9, "fields": {"category": 1, "name": "Dresser", "price": "360.85", "stock": 100, "available": true, "description": "", "interested": 0}}, {"model": "myapp.product", "pk": 10, "fields": {"category": 1, "name": "Bed", "price": "1225.65", "stock": 0, "available": false, "description": "", "interested": 0}}, {"model": "myapp.product", "pk": 11, "fields": {"category": 1, "name": "Sofa", "price": "1500.95", "stock": 225, "available": true, "description": "", "interested": 0}}, {"model": "myapp.product", "pk": 12, "fields": {"category": 2, "name": "Dryer", "price": "775.00", "stock": 0, "available": false, "description": "", "interested": 0}}, {"model": "myapp.product", "pk": 13, "fields": {"category": 2, "name": "Washer", "price": "885.75", "stock": 250, "available": true, "description": "", "interested": 0}}, {"model": "myapp.product", "pk": 14, "fields": {"category": 2, "name": "Stove", "price": "950.50", "stock": 250, "available": true, "description": "", "interested": 0}}, {"model": "myapp.client", "pk": 3, "fields": {"company": "123", "shipping_address": "123 University Avenue", "city": "Windsor", "province": "ON", "photo": "", "interested_in": [1, 2, 3, 4]}}, {"model": "myapp.client", "pk": 4, "fields": {"company": "456", "shipping_address": "Sunset Avenue", "city": "Windsor", "province": "ON", "photo": "", "interested_in": [1, 3]}}, {"model": "myapp.client", "pk": 5, "fields": {"company": "789", "shipping_address": "King Street", "city": "Calgary", "province": "AB", "photo": "", "interested_in": [2, 3, 4]}}, {"model": "myapp.client", "pk": 6, "fields": {"company": "456", "shipping_address": "Sunset Avenue", "city": "Montreal", "province": "QC", "photo": "", "interested_in": [1, 4]}}, {"model": "myapp.client", "pk": 7, "fields": {"company": "987", "shipping_address": "King Street", "city": "Edmonton", "province": "AB", "photo": "", "interested_in": [3]}}, {"model": "myapp.client", "pk": 14, "fields": {"company": "", "shipping_address": null, "city": "Windsor", "province": "ON", "photo": "uploads/tree-736885__480.jpg", "interested_in": [1]}}, {"model": "myapp.client", "pk": 15, "fields": {"company": "", "shipping_address": null, "city": "asd", "province": "AB", "photo": "", "interested_in": []}}, {"model": "myapp.order", "pk": 1, "fields": {"product": 1, "client": 3, "num_units": 2, "order_status": 1, "status_date": "2022-11-15"}}, {"model": "myapp.order", "pk": 2, "fields": {"product": 1, "client": 3, "num_units": 2, "order_status": 1, "status_date": "2022-11-15"}}, {"model": "myapp.order", "pk": 3, "fields": {"product": 1, "client": 3, "num_units": 10, "order_status": 1, "status_date": "2022-11-15"}}, {"model": "myapp.order", "pk": 4, "fields": {"product": 2, "client": 7, "num_units": 50, "order_status": 1, "status_date": "2022-11-15"}}, {"model": "myapp.order", "pk": 5, "fields": {"product": 3, "client": 5, "num_units": 3, "order_status": 1, "status_date": "2022-11-15"}}, {"model": "myapp.order", "pk": 6, "fields": {"product": 1, "client": 3, "num_units": 7, "order_status": 1, "status_date": "2022-11-15"}}, {"model": "myapp.order", "pk": 7, "fields": {"product": 7, "client": 5, "num_units": 10, "order_status": 1, "status_date": "2022-11-15"}}, {"model": "myapp.order", "pk": 8, "fields": {"product": 13, "client": 3, "num_units": 0, "order_status": 1, "status_date": "2022-11-15"}}, {"model": "myapp.order", "pk": 9, "fields": {"product": 1, "client": 4, "num_units": 0, "order_status": 1, "status_date": "2022-11-15"}}, {"model": "myapp.order", "pk": 10, "fields": {"product": 14, "client": 3, "num_units": 0, "order_status": 1, "status_date": "2022-11-15"}}, {"model": "myapp.order", "pk": 11, "fields": {"product": 1, "client": 14, "num_units": 10, "order_status": 1, "status_date": "2022-11-27"}}]